Row,SKU,Name,Error
4962,"UNKNOWN","Old Money Vibe 2024 Collection BlazingStar","Missing SKU"
4986,"UNKNOWN","VL Foot File","Missing SKU"
4989,"UNKNOWN","BlazingStar Kem Lotion Tặng Khách - Summer Fruit - Trái Cây 20ml (Hộp 40c)","Missing SKU"
4990,"UNKNOWN","Bold Berry Liner Pen","Missing SKU"
4991,"UNKNOWN","Bold Berry Spider Gel","Missing SKU"
5782,"UNKNOWN","B742S – Tell Me More - Box of 6","Missing SKU"
5867,"UNKNOWN","Order Nhanh - Bold Berry Top & Base","Missing SKU"
5868,"UNKNOWN","Replaceable Colour Chart - Natural - 1 set","Missing SKU"
5869,"UNKNOWN","Replaceable Colour Chart - Natural - Box 10 set","Missing SKU"
5871,"UNKNOWN","Replaceable Colour Chart - Clear - 1 set","Missing SKU"
5872,"UNKNOWN","Replaceable Colour Chart - Clear - Box 10 set","Missing SKU"
5877,"UNKNOWN","Order Nhanh - Chisel Solutions","Missing SKU"
5884,"UNKNOWN","Vỏ Bào Sần Trắng - Sanding Band White","Missing SKU"
5885,"UNKNOWN","Vỏ Bào Sần Trắng - Sanding Band White","Missing SKU"
5886,"UNKNOWN","Vỏ Bào Sần Trắng - Sanding Band White","Missing SKU"
5892,"UNKNOWN","Nước cầm máu Infalab - styptic liquid - 15ml - Single","Missing SKU"
5937,"UNKNOWN","[Nhóm] Các Loại Keo Glue","Missing SKU"
5938,"UNKNOWN","[Nhóm] Các Loại Tips Thùng - BlazingStar","Missing SKU"
6121,"UNKNOWN","Bảng Màu Mẫu - Colour Chart Sơn Gel Bold Berry - Chart 13","Missing SKU"
6398,"UNKNOWN","Brush BlazingStar – Premium","Missing SKU"
6399,"UNKNOWN","Brush BlazingStar – Premium","Missing SKU"
6404,"UNKNOWN","Cục Nguồn - MBerry - Dây - 24V/2A","Missing SKU"
6405,"UNKNOWN","Cục Nguồn - MBerry - Không Dây - 24V/2.5A","Missing SKU"
6406,"UNKNOWN","Khẩu Trang BlazingStar Facemask - Thùng x20 Hộp Xanh STAYSAFE","Missing SKU"
6587,"UNKNOWN","Replaceable Colour Chart - Natural - Túi lẻ 50 Tips","Missing SKU"
7301,"UNKNOWN","Cục Nguồn - BlazingStar - Dây - 12V/3A","Missing SKU"
7302,"UNKNOWN","Cục Nguồn - BlazingStar - Không Dây - 12V/3A","Missing SKU"
7304,"UNKNOWN","Cục Nguồn - Master LED - Dây - 12V/3A","Missing SKU"
7305,"UNKNOWN","Cục Nguồn - Master LED - Không Dây - 12V/3A","Missing SKU"
7307,"UNKNOWN","Cục Nguồn - Bold Berry - Dây - 12V/2A","Missing SKU"
7308,"UNKNOWN","Cục Nguồn - Bold Berry - Không Dây - 15V/3A","Missing SKU"
7336,"UNKNOWN","Vỏ Bào Sần Nâu - Sanding Band Brown","Missing SKU"
7337,"UNKNOWN","Vỏ Bào Sần Nâu - Sanding Band Brown","Missing SKU"
7338,"UNKNOWN","Vỏ Bào Sần Nâu - Sanding Band Brown","Missing SKU"
7339,"UNKNOWN","Vỏ Bào Sần Nâu - Sanding Band Brown","Missing SKU"
7340,"UNKNOWN","Vỏ Bào Sần Nâu - Sanding Band Brown","Missing SKU"
7341,"UNKNOWN","Vỏ Bào Sần Nâu - Sanding Band Brown","Missing SKU"
7342,"UNKNOWN","Vỏ Bào Sần Trắng - Sanding Band White","Missing SKU"
7343,"UNKNOWN","Vỏ Bào Sần Trắng - Sanding Band White","Missing SKU"
7344,"UNKNOWN","Vỏ Bào Sần Trắng - Sanding Band White","Missing SKU"
7345,"UNKNOWN","Vỏ Bào Sần Trắng - Sanding Band White","Missing SKU"
7346,"UNKNOWN","Vỏ Bào Sần Trắng - Sanding Band White","Missing SKU"
7347,"UNKNOWN","Vỏ Bào Sần Trắng - Sanding Band White","Missing SKU"
7593,"UNKNOWN","phí sửa tay bào","Missing SKU"
7762,"UNKNOWN","Dép Xỏ Ngón Flip flops - 1 Đôi","Missing SKU"
7763,"UNKNOWN","Dép Xỏ Ngón Flip flops - Pk 5-Đôi","Missing SKU"
7768,"UNKNOWN","Kem - Aloe Vera - Can 1-Gal","Missing SKU"
7769,"UNKNOWN","Kem - Aloe Vera - Case 4 Gal","Missing SKU"
7770,"UNKNOWN","Kem - Mango Vera - Can 1-Gal","Missing SKU"
7771,"UNKNOWN","Kem - Mango Vera - Case 4 Gal","Missing SKU"
7803,"UNKNOWN","Ghế Khách - Kaylee - Black","Missing SKU"
7804,"UNKNOWN","Ghế Khách - Kaylee - All Grey","Missing SKU"
7805,"UNKNOWN","Ghế Khách - Kaylee - Chocolate","Missing SKU"
7806,"UNKNOWN","Ghế Thợ - Nora - Black","Missing SKU"
7807,"UNKNOWN","Ghế Thợ - Nora - All Grey","Missing SKU"
7808,"UNKNOWN","Ghế Thợ - Maia - All Grey","Missing SKU"
7809,"UNKNOWN","Ghế Thợ - Maia - Dark Grey","Missing SKU"
7810,"UNKNOWN","Ghế Thợ - Maia - Khaki Gold","Missing SKU"
7811,"UNKNOWN","Ghế Thợ - Maia - Khaki Silver","Missing SKU"
7812,"UNKNOWN","Ghế Thợ - Maia - Light Grey","Missing SKU"
7815,"UNKNOWN","Ghế Thợ Kira - Dark Grey","Missing SKU"
7816,"UNKNOWN","Ghế Khách Bendi - All Grey","Missing SKU"
7817,"UNKNOWN","Ghế Khách Bendi - Dark Grey","Missing SKU"
7818,"UNKNOWN","Ghế Khách Bendi - Khakhi Gold","Missing SKU"
7819,"UNKNOWN","Ghế Khách Bendi - Khakhi Silver","Missing SKU"
7820,"UNKNOWN","Ghế Khách - Kaylee - Dark Grey","Missing SKU"
7937,"UNKNOWN","dây sạc đèn x7 plus","Missing SKU"